title,url,text
"Engineering Manager, Commercial Systems",https://bh.linkedin.com/jobs/view/engineering-manager-commercial-systems-at-canonical-3738253338?refId=oBmBgL6tQyMzvT1GwX7fPQ%3D%3D&trackingId=bYhr6AwfY60IwsgPwOyiyA%3D%3D&position=18&pageNum=0&trk=public_jobs_jserp-result_search-card,"<section class=""show-more-less-html"" data-max-lines=""5"">
      <div class=""show-more-less-html__markup show-more-less-html__markup--clamp-after-5
          relative overflow-hidden"">
        The role of an Engineering Manager, Commercial Systems at Canonical<br><br>This engineering management role is an opportunity for a technologist with a passion for Linux and Ubuntu to build a career with Canonical and drive the success of the business. If you have an affinity for open source development, then you will enjoy working with some of the best people in the industry at Canonical.<br><br>Our new Commercial Systems unit is conceived as five engineering teams that closely collaborate with other engineering and business teams at Canonical. Services designed, developed, and operated by the Commercial Systems unit are used by millions of machines all over the world. Apply here if you would like to run one of these teams. They cover the following areas:<br><br><strong>A contracts service.</strong> We develop and operate a contracts service that, among others, supports the authentication, authorization, and delivery of Extended Security Maintenance (ESM) at scale to a wide range of devices spanning from individual systems to large enterprise fleets running in cloud environments via Ubuntu Pro. This service also delivers certain contract-based services, like our kernel live patches.<br><br><strong>JAAS/Identity/Livepatch</strong>. We take the operational scalability of Juju, Canonical's solution to public, private, and hybrid-cloud application management and orchestration, to the next level by developing JIMM (Juju Intelligent Model Manager) and Candid (open source identity manager) that enable organizations to operate clusters of Juju-enabled clouds at a scale. In addition to that, we deliver the Livepatch client package and the Livepatch server backend that integrate with the contracts service to deliver live patches for the Linux kernel.<br><br><strong>Data lake and SAAS integration.</strong> The third major area is related to internal business operations. We develop and operate several data warehouses, including data ingestion pipelines, used by operations and data analytics teams. In addition to that, we help internal business units to automate processes across a number of software solutions and integrate with a number of SaaS solutions to ensure a smooth flow of data.<br><br><strong>Integration with public clouds.</strong> The fourth major area or responsibility lies in integrating the contracts service with public clouds, such as Azure, AWS, and GCP, to deliver customers a seamless SAAS experience at the OS level, including access to Extended Security Maintenance and support offerings provided by Canonical personnel.<br><br><strong>Salesforce</strong>. The fifth major area is centered around Salesforce. Our team of Salesforce engineers and administrators ensures that business operations teams have the right data at a hand and the right business processes in place. The team works closely with the four engineering teams and provides subject matter expertise.<br><br>We are looking for software engineering managers, ideally with strong background in Go, Python, who have the drive and energy to lead a team of engineers in delivering and operating these capabilities at scale, ensure the highest engineering quality, sharpen team skills, and work with us to define the future of open source.<br><br><strong>Location</strong>: This role will be based remotely in the EMEA region.<br><br>What your day will look like<br><br><ul><li>Lead a team of software engineers implementing and operating software solutions</li><li>Provide engineering and process guidance to engineering teams</li><li>Actively seek improvements to established processes, designs, and solutions</li><li>Collaborate with peers and cross-functional teams</li><li>Code in Go or Python<br><br></li></ul>What we are looking for in you<br><br><ul><li>Bachelor's degree or equivalent in Computer Science or a related engineering field</li><li>Experience as a software developer in a high-level language - preferably Go or Python</li><li>Experience as a hands-on engineering manager or a team lead</li><li>Experience building, deploying, and operating distributed systems and APIs</li><li>Excellent verbal and written communication skills in English</li><li>Ability to collaborate remotely with a diverse set of team members and stakeholders, remain highly motivated, productive, and organized in a fully remote environment</li><li>Ability to travel to international destinations for one week at a time, approximately 2-4 times per year. Locations prior to the global pandemic included New York, Seattle, London, Cape Town, Budapest, Berlin, Montreal, and Brussels<br><br></li></ul><strong>Additional Skills That You Might Also Bring<br><br></strong><ul><li>Experience developing for and deploying on Ubuntu Linux in public clouds</li><li>Experience integrating authentication &amp; authorization, financial, public cloud or marketplace systems</li><li>Experience with Salesforce development/integration or APEX<br><br></li></ul>What we offer you<br><br>Your base pay will depend on various factors including your geographical location, level of experience, knowledge and skills. In addition to the benefits above, certain roles are also eligible for additional benefits and rewards including annual bonuses and sales incentives based on revenue or utilisation. Our compensation philosophy is to ensure equity right across our global workforce.<br><br>In addition to a competitive base pay, we provide all team members with additional benefits, which reflect our values and ideals. Please note that additional benefits may apply depending on the work location and, for more information on these, you can ask in the later stages of the recruitment process.<br><br><ul><li>Fully remote working environment - we've been working remotely since 2004!</li><li>Personal learning and development budget of 2,000USD per annum</li><li>Annual compensation review</li><li>Recognition rewards</li><li>Annual holiday leave</li><li>Parental Leave</li><li>Employee Assistance Programme</li><li>Opportunity to travel to new locations to meet colleagues at 'sprints'</li><li>Priority Pass for travel and travel upgrades for long haul company events<br><br></li></ul><strong>About Canonical<br><br></strong>Canonical is a pioneering tech firm that is at the forefront of the global move to open source. As the company that publishes Ubuntu, one of the most important open source projects and the platform for AI, IoT and the cloud, we are changing the world on a daily basis. We recruit on a global basis and set a very high standard for people joining the company. We expect excellence - in order to succeed, we need to be the best at what we do.<br><br>Canonical has been a remote-first company since its inception in 2004. Work at Canonical is a step into the future, and will challenge you to think differently, work smarter, learn new skills, and raise your game. Canonical provides a unique window into the world of 21st-century digital business.<br><br>Canonical is an equal opportunity employer<br><br>We are proud to foster a workplace free from discrimination. Diversity of experience, perspectives, and background create a better work environment and better products. Whatever your identity, we will give your application fair consideration.<br><br>
      </div>

        

    
    
    

    <button class=""show-more-less-html__button show-more-less-button
        show-more-less-html__button--more
        !ml-0.5"" data-tracking-control-name=""public_jobs_show-more-html-btn"" aria-label=""Show more, visually expands previously read content above"" aria-expanded=""false"">
        Show more

        <icon class=""show-more-less-html__button-icon show-more-less-button-icon"" data-delayed-url=""https://static.licdn.com/aero-v1/sc/h/cyolgscd0imw2ldqppkrb84vo""></icon>
    </button>
  

        

    
    
    

    <button class=""show-more-less-html__button show-more-less-button
        show-more-less-html__button--less
        !ml-0.5"" data-tracking-control-name=""public_jobs_show-less-html-btn"" aria-label=""Show less"" aria-expanded=""true"">
        Show less

        <icon class=""show-more-less-html__button-icon show-more-less-button-icon"" data-delayed-url=""https://static.licdn.com/aero-v1/sc/h/4chtt12k98xwnba1nimld2oyg""></icon>
    </button>
  
    </section>"
Senior Observability Platform Developer - Python/Go,https://bh.linkedin.com/jobs/view/senior-observability-platform-developer-python-go-at-canonical-3680017219?refId=oBmBgL6tQyMzvT1GwX7fPQ%3D%3D&trackingId=ppDbb%2FNQreXkE1%2FUB2ehkQ%3D%3D&position=17&pageNum=0&trk=public_jobs_jserp-result_search-card,"<section class=""show-more-less-html"" data-max-lines=""5"">
      <div class=""show-more-less-html__markup show-more-less-html__markup--clamp-after-5
          relative overflow-hidden"">
        Canonical seeks an experienced developer with a proven track record in Python and/or Go. As part of the Observability team, you will develop a cloud-native monitoring stack that composes best-in-class open-source monitoring tools. The stack is opinionated, resilient, and scalable, providing deep insights out of the box. The user experience is polished and seamless for the end-users, and its administrators will enjoy smooth, lightweight Day 1 and Day 2 operations.<p><br></p>This is an exciting opportunity for a software engineer passionate about open source software, Linux, Kubernetes, and Observability. Build a rewarding, meaningful career working with the best and brightest people in technology at Canonical, the growing international software company behind Ubuntu.<p><br></p>The monitoring stack will monitor applications running on a mix of cloud technologies such as Kubernetes and OpenStack, as well as bare-metal, virtual machines and containers. The stack will be capable of monitoring applications and infrastructure irrespective of whether they are operated by Juju, and will leverage multiple data sources at various levels of the architecture, including Juju itself, to contextualize the collected telemetry and insights delivered to the end-users.<p><br></p>You can read more about the project here and here.<p><br></p><strong>Location: </strong><em>This role will be based remotely in the EMEA and Americas regions</em><p><br></p>What your day will look like<p><br></p><ul><li>Collaborate proactively with a globally distributed team</li><li>Write, test and document high quality code to create new features</li><li>Debug issues and interact with a vibrant community</li><li>Review code produced by other engineers</li><li>Attend conferences to represent Canonical and the Charmed Observability Stack</li><li>Work from home with global travel 2 to 4 weeks for internal and external events</li></ul><p><br></p>What we are looking for in you<p><br></p><ul><li>You love technology, observability and working with brilliant people</li><li>You value soft skills and are passionate, enterprising, thoughtful, and self-motivated</li><li>You have a Bachelor's or equivalent in Computer Science, STEM or similar degree</li><li>You have a proven understanding of the importance of observability and monitoring for keeping software running smoothly</li><li>You have strong working knowledge of modern monitoring technologies like Prometheus, Alertmanager, Grafana, Loki, Mimir, etc., and how they fit together</li><li>You are a skilled Python developer, preferably with a track record in open source</li><li>You have a working knowledge of Go</li><li>You have proven, hands-on experience deploying, configuring and using Kubernetes</li><li>You are comfortable contributing to open source codebases maintained by other companies, you have a history of driving consensus in groups of multiple stakeholders with different interests and getting the resulting work delivered</li><li>You have experience with infrastructure-as-code and configuration management tools</li><li>You have interest and experience with two or more of the following: Ubuntu Linux, container images, Debian packaging, snap, distributed systems. </li></ul><p><br></p>What we offer you<p><br></p>Your base pay will depend on various factors including your geographical location, level of experience, knowledge and skills. In addition to the benefits above, certain roles are also eligible for additional benefits and rewards including annual bonuses and sales incentives based on revenue or utilisation. Our compensation philosophy is to ensure equity right across our global workforce.<p><br></p>In addition to a competitive base pay, we provide all team members with additional benefits, which reflect our values and ideals. Please note that additional benefits may apply depending on the work location and, for more information on these, please ask your Talent Partner.<p><br></p><ul><li>Fully remote working environment - we've been working remotely since 2004!</li><li>Personal learning and development budget of 2,000USD per annum</li><li>Annual compensation review</li><li>Recognition rewards</li><li>Annual holiday leave</li><li>Parental Leave</li><li>Employee Assistance Programme</li><li>Opportunity to travel to new locations to meet colleagues at 'sprints'</li><li>Priority Pass for travel and travel upgrades for long haul company events</li></ul><p><br></p><strong>About Canonical</strong><p><br></p>Canonical is a pioneering tech firm that is at the forefront of the global move to open source. As the company that publishes Ubuntu, one of the most important open source projects and the platform for AI, IoT and the cloud, we are changing the world on a daily basis. We recruit on a global basis and set a very high standard for people joining the company. We expect excellence - in order to succeed, we need to be the best at what we do.<p><br></p>Canonical has been a remote-first company since its inception in 2004. Work at Canonical is a step into the future, and will challenge you to think differently, work smarter, learn new skills, and raise your game. Canonical provides a unique window into the world of 21st-century digital business.<p><br></p>Canonical is an equal opportunity employer<p><br></p>We are proud to foster a workplace free from discrimination. Diversity of experience, perspectives, and background create a better work environment and better products. Whatever your identity, we will give your application fair consideration.<p><br></p>
      </div>

        

    
    
    

    <button class=""show-more-less-html__button show-more-less-button
        show-more-less-html__button--more
        !ml-0.5"" data-tracking-control-name=""public_jobs_show-more-html-btn"" aria-label=""Show more, visually expands previously read content above"" aria-expanded=""false"">
        Show more

        <icon class=""show-more-less-html__button-icon show-more-less-button-icon"" data-delayed-url=""https://static.licdn.com/aero-v1/sc/h/cyolgscd0imw2ldqppkrb84vo""></icon>
    </button>
  

        

    
    
    

    <button class=""show-more-less-html__button show-more-less-button
        show-more-less-html__button--less
        !ml-0.5"" data-tracking-control-name=""public_jobs_show-less-html-btn"" aria-label=""Show less"" aria-expanded=""true"">
        Show less

        <icon class=""show-more-less-html__button-icon show-more-less-button-icon"" data-delayed-url=""https://static.licdn.com/aero-v1/sc/h/4chtt12k98xwnba1nimld2oyg""></icon>
    </button>
  
    </section>"
"Go Software Engineer, Commercial Systems",https://bh.linkedin.com/jobs/view/go-software-engineer-commercial-systems-at-canonical-3745521508?refId=oBmBgL6tQyMzvT1GwX7fPQ%3D%3D&trackingId=uzZLGekygq%2BZ4dsdH4UI3Q%3D%3D&position=16&pageNum=0&trk=public_jobs_jserp-result_search-card,"<section class=""show-more-less-html"" data-max-lines=""5"">
      <div class=""show-more-less-html__markup show-more-less-html__markup--clamp-after-5
          relative overflow-hidden"">
        The role of a Go Software Engineer, Commercial Systems at Canonical<br><br>This engineering role is an opportunity for a technologist with a passion for Linux to build a career with Canonical and drive the success of those leveraging Ubuntu and open source products. If you have an affinity for open source development, you will enjoy working with some of the best people in the industry at Canonical.<br><br>The Commercial Systems unit has several areas of responsibility spread across five engineering teams, closely collaborating with other engineering and business teams at Canonical. Services designed, developed, and operated by the Commercial Systems unit are deployed to millions of machines worldwide.<br><br>The first area of responsibility is centered around security. We develop and operate Ubuntu Pro and Livepatch backend services that support the authentication, authorization, and delivery of Extended Security Maintenance (ESM) at scale to a wide range of devices spanning from individual systems to large enterprise fleets running in cloud environments.<br><br>On the distributed systems front, we develop an open source identity manager Candid and a Juju multi-controller manager JIMM (Juju Intelligent Model Manager), that enables organizations to centrally manage operations across many Juju controllers deployed to public, private, and hybrid clouds. The majority of our systems are deployed to Kubernetes clusters.<br><br>The third major area is related to internal business operations. We develop and operate a data warehouse, including data ingestion pipelines, that are relied on by operations and data analytics teams. In addition to that, we help internal business units to automate processes across many software solutions and integrate SaaS solutions to ensure a smooth flow of data.<br><br>Lastly, we have a dedicated team of Salesforce engineers and administrators who take care of our Salesforce implementation and integration crucial to our sales and business operations. This team configures Salesforce and implements business processes that facilitate efficient operations.<br><br>We are looking for new colleagues with strong background in Go or Python, who have the drive and energy to deliver and operate solutions at scale with the highest engineering quality, continuously develop their skills, and work with us on defining the future of open source.<br><br><strong>Location</strong>: This role will be based remotely in the EMEA region.<br><br>What your day will look like<br><br><ul><li>Code in Go or Python</li><li>Collaborate with colleagues on technical designs</li><li>Stay in sync with team mates</li><li>Deploy and operate services developed by the team</li><li>Improve engineering and operations practices<br><br></li></ul>What we are looking for in you<br><br><ul><li>Bachelor's degree or equivalent in Computer Science or related engineering field</li><li>Experience as a software developer in a high-level language - preferably Go or Python</li><li>Experience building, deploying, and operating distributed systems and APIs</li><li>Excellent verbal and written communication skills in English</li><li>Ability to collaborate remotely with a diverse set of team members and stakeholders, remain highly motivated, productive, and organized in a fully remote environment</li><li>Ability to travel to international destinations for one week at a time, approximately 2-4 times per year. Locations prior to the global pandemic included New York, Seattle, London, Cape Town, Budapest, Berlin, Montreal, and Brussels<br><br></li></ul><strong>Additional Skills That You Might Also Bring<br><br></strong><ul><li>Experience developing and deploying for Ubuntu Linux in public clouds</li><li>Experience integrating authentication &amp; authorization, financial, public cloud or marketplace systems</li><li>Experience with Salesforce development/integration or APEX<br><br></li></ul>What we offer you<br><br>Your base pay will depend on various factors including your geographical location, level of experience, knowledge and skills. In addition to the benefits above, certain roles are also eligible for additional benefits and rewards including annual bonuses and sales incentives based on revenue or utilisation. Our compensation philosophy is to ensure equity right across our global workforce.<br><br>In addition to a competitive base pay, we provide all team members with additional benefits, which reflect our values and ideals. Please note that additional benefits may apply depending on the work location and, for more information on these, you can ask in the later stages of the recruitment process.<br><br><ul><li>Fully remote working environment - we've been working remotely since 2004!</li><li>Personal learning and development budget of 2,000USD per annum</li><li>Annual compensation review</li><li>Recognition rewards</li><li>Annual holiday leave</li><li>Parental Leave</li><li>Employee Assistance Programme</li><li>Opportunity to travel to new locations to meet colleagues at 'sprints'</li><li>Priority Pass for travel and travel upgrades for long haul company events<br><br></li></ul><strong>About Canonical<br><br></strong>Canonical is a pioneering tech firm that is at the forefront of the global move to open source. As the company that publishes Ubuntu, one of the most important open source projects and the platform for AI, IoT and the cloud, we are changing the world on a daily basis. We recruit on a global basis and set a very high standard for people joining the company. We expect excellence - in order to succeed, we need to be the best at what we do.<br><br>Canonical has been a remote-first company since its inception in 2004. Work at Canonical is a step into the future, and will challenge you to think differently, work smarter, learn new skills, and raise your game. Canonical provides a unique window into the world of 21st-century digital business.<br><br>Canonical is an equal opportunity employer<br><br>We are proud to foster a workplace free from discrimination. Diversity of experience, perspectives, and background create a better work environment and better products. Whatever your identity, we will give your application fair consideration.<br><br>
      </div>

        

    
    
    

    <button class=""show-more-less-html__button show-more-less-button
        show-more-less-html__button--more
        !ml-0.5"" data-tracking-control-name=""public_jobs_show-more-html-btn"" aria-label=""Show more, visually expands previously read content above"" aria-expanded=""false"">
        Show more

        <icon class=""show-more-less-html__button-icon show-more-less-button-icon"" data-delayed-url=""https://static.licdn.com/aero-v1/sc/h/cyolgscd0imw2ldqppkrb84vo""></icon>
    </button>
  

        

    
    
    

    <button class=""show-more-less-html__button show-more-less-button
        show-more-less-html__button--less
        !ml-0.5"" data-tracking-control-name=""public_jobs_show-less-html-btn"" aria-label=""Show less"" aria-expanded=""true"">
        Show less

        <icon class=""show-more-less-html__button-icon show-more-less-button-icon"" data-delayed-url=""https://static.licdn.com/aero-v1/sc/h/4chtt12k98xwnba1nimld2oyg""></icon>
    </button>
  
    </section>"
Senior PHP Laravel Developer (Bahraini National) - Gfx wll,https://bh.linkedin.com/jobs/view/senior-php-laravel-developer-bahraini-national-gfx-wll-at-talent-pal-3770833121?refId=oBmBgL6tQyMzvT1GwX7fPQ%3D%3D&trackingId=wVz%2Fn8c11v4mxdSZxf%2B6Bw%3D%3D&position=15&pageNum=0&trk=public_jobs_jserp-result_search-card,"<section class=""show-more-less-html"" data-max-lines=""5"">
      <div class=""show-more-less-html__markup show-more-less-html__markup--clamp-after-5
          relative overflow-hidden"">
        <strong>Join Our Team as a Senior PHP Laravel Developer! Unlock Your Full Potential! <br><br></strong>Are you a passionate Senior PHP Laravel Developer with a proven track record of creating robust and scalable web applications? We're on the lookout for a talented individual to join our dynamic team and play a key role in shaping the future of our digital landscape.<br><br><strong>Position: Senior PHP Laravel Developer<br><br></strong><strong>Key Responsibilities:<br><br></strong><ul><li>Design, develop, and maintain innovative web applications using PHP Laravel.</li><li> Lead the development team, providing technical guidance and mentorship.</li><li> Collaborate with cross-functional teams to ensure seamless integration of front-end and back-end components.</li><li>Conduct code reviews and implement best practices for code quality and performance.</li><li>Stay updated on the latest industry trends and emerging technologies.</li><li>Troubleshoot, debug, and optimize existing systems for maximum efficiency.<br><br></li></ul><strong>Qualifications:<br><br></strong><ul><li> Bachelor’s degree in Computer Science or a related field.</li><li> Proven experience as a Senior PHP Laravel Developer.</li><li> Expertise in PHP, Laravel, and related technologies.</li><li> Strong understanding of software architecture and design principles.</li><li>Familiarity with databases, such as MySQL and MongoDB.</li><li> Experience with version control systems (Git).</li><li> Excellent problem-solving and communication skills.<br><br></li></ul><strong>Why Join Us?<br><br></strong><ul><li>Competitive salary and benefits package.</li><li>Opportunity for career advancement and skill development.</li><li>Work in a collaborative and innovative environment.</li><li>Access to ongoing training and professional development resources.</li><li>Be part of a supportive team that values creativity and initiative.<br><br></li></ul>Job Type: Full-time<br><br>Ability to Commute:<br><br><ul><li>Manama (Required)<br><br></li></ul>Ability to Relocate:<br><br><ul><li>Manama: Relocate before starting work (Required)</li></ul>
      </div>

        

    
    
    

    <button class=""show-more-less-html__button show-more-less-button
        show-more-less-html__button--more
        !ml-0.5"" data-tracking-control-name=""public_jobs_show-more-html-btn"" aria-label=""Show more, visually expands previously read content above"" aria-expanded=""false"">
        Show more

        <icon class=""show-more-less-html__button-icon show-more-less-button-icon"" data-delayed-url=""https://static.licdn.com/aero-v1/sc/h/cyolgscd0imw2ldqppkrb84vo""></icon>
    </button>
  

        

    
    
    

    <button class=""show-more-less-html__button show-more-less-button
        show-more-less-html__button--less
        !ml-0.5"" data-tracking-control-name=""public_jobs_show-less-html-btn"" aria-label=""Show less"" aria-expanded=""true"">
        Show less

        <icon class=""show-more-less-html__button-icon show-more-less-button-icon"" data-delayed-url=""https://static.licdn.com/aero-v1/sc/h/4chtt12k98xwnba1nimld2oyg""></icon>
    </button>
  
    </section>"
Software Engineer - OpenStack,https://bh.linkedin.com/jobs/view/software-engineer-openstack-at-canonical-3726117813?refId=oBmBgL6tQyMzvT1GwX7fPQ%3D%3D&trackingId=344aQjaxLldcVqIAY3x%2BwA%3D%3D&position=14&pageNum=0&trk=public_jobs_jserp-result_search-card,"<section class=""show-more-less-html"" data-max-lines=""5"">
      <div class=""show-more-less-html__markup show-more-less-html__markup--clamp-after-5
          relative overflow-hidden"">
        This is an exciting opportunity for a software engineer passionate about open source software, Linux, and OpenStack. Come build a rewarding, meaningful career working with the best and brightest people in technology at Canonical, a growing international software company.<p><br></p>As a software engineer on the OpenStack Engineering team, you'll be building Charmed OpenStack and Ceph, a suite of open source Python based charms for deploying and managing OpenStack and Ceph. Your work will bring cloud platform technologies to a wide range of users and computing environments, from desktops to bare metal servers. This role requires a python software developer with a passion for automating infrastructure as code.<p><br></p>Applicants should be passionate about the future of the software defined datacenter, distributed systems, and open source. Canonical is a globally distributed team of engineers who share that passion, and you will need to work well in that context. Engineers who thrive at Canonical are mindful of the dynamics of the open source ecosystem, and equally aware of the needs of large, innovative organizations.<p><br></p>This job involves international travel several times a year, usually for one week at a time.<p><br></p><strong>What You'll Do</strong><p><br></p><ul><li>Collaborate proactively with a distributed team</li><li>Write high quality code to create new features</li><li>Debug issues and produce high quality code to fix them</li><li>Review code produced by other engineers</li><li>Discuss ideas and collaborate on finding good solutions</li><li>Ensure the success of OpenStack and Ceph on multiple architectures</li><li>Work from home with global travel 2 to 4 weeks for internal and external events</li></ul><p><br></p><strong>Who You Are</strong><p><br></p><ul><li>You love technology and working with brilliant people</li><li>You are curious, flexible, articulate, and accountable</li><li>You value soft skills and are passionate, enterprising, thoughtful, and self-motivated</li><li>You have a Bachelor's or equivalent in Computer Science, STEM or similar degree</li><li>You have experience with Python</li><li>You have interest and experience with two or more of the following:Ubuntu Linux - kernel or userspace, Kubernetes, OpenStack, Ceph, AI/ML, QEMU/KVM, LXC/LXD, Python, Go, C, Postgresql, Mongo, Debian packaging, scalable web services</li><li>You have experience with non-x86 architectures, including s390, arm64, power and others</li><li>You have experience with OpenStack, OVN, Openvswitch and other related cloud technologies</li></ul><p><br></p><strong><em>We are proud to foster a workplace free from discrimination. We truly believe that diversity of experience, perspectives, and background will lead to a better environment for our employees and a better platform for our users and customers. This is something we value deeply and we encourage everyone to come be a part of the world of Ubuntu.</em></strong><p><br></p>Keywords: python, agile, lean, distributed systems, openstack, ceph, containers, kubernetes, docker, scale-out, orchestration, linux, ubuntu, cloud, devops, open source, serverless, networking, home, remote job, software development, software engineering, openstack<p><br></p>Reports to: OpenStack Product Engineering Manager<p><br></p>Job location: Remote, home-based, Americas<p><br></p>
      </div>

        

    
    
    

    <button class=""show-more-less-html__button show-more-less-button
        show-more-less-html__button--more
        !ml-0.5"" data-tracking-control-name=""public_jobs_show-more-html-btn"" aria-label=""Show more, visually expands previously read content above"" aria-expanded=""false"">
        Show more

        <icon class=""show-more-less-html__button-icon show-more-less-button-icon"" data-delayed-url=""https://static.licdn.com/aero-v1/sc/h/cyolgscd0imw2ldqppkrb84vo""></icon>
    </button>
  

        

    
    
    

    <button class=""show-more-less-html__button show-more-less-button
        show-more-less-html__button--less
        !ml-0.5"" data-tracking-control-name=""public_jobs_show-less-html-btn"" aria-label=""Show less"" aria-expanded=""true"">
        Show less

        <icon class=""show-more-less-html__button-icon show-more-less-button-icon"" data-delayed-url=""https://static.licdn.com/aero-v1/sc/h/4chtt12k98xwnba1nimld2oyg""></icon>
    </button>
  
    </section>"
"Software Engineer, Commercial Systems",https://bh.linkedin.com/jobs/view/software-engineer-commercial-systems-at-canonical-3738241983?refId=oBmBgL6tQyMzvT1GwX7fPQ%3D%3D&trackingId=OOQwb%2B4E1Kh5uassK9EjzA%3D%3D&position=13&pageNum=0&trk=public_jobs_jserp-result_search-card,"<section class=""show-more-less-html"" data-max-lines=""5"">
      <div class=""show-more-less-html__markup show-more-less-html__markup--clamp-after-5
          relative overflow-hidden"">
        The role of a Software Engineer at Canonical<br><br>This engineering role is an opportunity for a technologist with a passion for Linux to build a career with Canonical and drive the success of those leveraging Ubuntu and open source products. If you have an affinity for open source development, you will enjoy working with some of the best people in the industry at Canonical.<br><br>The Commercial Systems unit has several areas of responsibility spread across five engineering teams, closely collaborating with other engineering and business teams at Canonical. Services designed, developed, and operated by the Commercial Systems unit are deployed to millions of machines worldwide.<br><br>The first area of responsibility is centered around security. We develop and operate Ubuntu Pro and Livepatch backend services that support the authentication, authorization, and delivery of Extended Security Maintenance (ESM) at scale to a wide range of devices spanning from individual systems to large enterprise fleets running in cloud environments.<br><br>On the distributed systems front, we develop an open source identity manager Candid and a Juju multi-controller manager JIMM (Juju Intelligent Model Manager), that enables organizations to centrally manage operations across many Juju controllers deployed to public, private, and hybrid clouds. The majority of our systems are deployed to Kubernetes clusters.<br><br>The third major area is related to internal business operations. We develop and operate a data warehouse, including data ingestion pipelines, that are relied on by operations and data analytics teams. In addition to that, we help internal business units to automate processes across many software solutions and integrate SaaS solutions to ensure a smooth flow of data.<br><br>Lastly, we have a dedicated team of Salesforce engineers and administrators who take care of our Salesforce implementation and integration crucial to our sales and business operations. This team configures Salesforce and implements business processes that facilitate efficient operations.<br><br>We are looking for new colleagues with strong background in Go or Python, who have the drive and energy to deliver and operate solutions at scale with the highest engineering quality, continuously develop their skills, and work with us on defining the future of open source.<br><br><strong>Location</strong>: This role will be based remotely in the EMEA region.<br><br>What your day will look like<br><br><ul><li>Code in Go or Python</li><li>Collaborate with colleagues on technical designs</li><li>Stay in sync with team mates</li><li>Deploy and operate services developed by the team</li><li>Improve engineering and operations practices<br><br></li></ul>What we are looking for in you<br><br><ul><li>Bachelor's degree or equivalent in Computer Science or related engineering field</li><li>Experience as a software developer in a high-level language - preferably Go or Python</li><li>Experience building, deploying, and operating distributed systems and APIs</li><li>Excellent verbal and written communication skills in English</li><li>Ability to collaborate remotely with a diverse set of team members and stakeholders, remain highly motivated, productive, and organized in a fully remote environment</li><li>Ability to travel to international destinations for one week at a time, approximately 2-4 times per year. Locations prior to the global pandemic included New York, Seattle, London, Cape Town, Budapest, Berlin, Montreal, and Brussels<br><br></li></ul><strong>Additional Skills That You Might Also Bring<br><br></strong><ul><li>Experience developing and deploying for Ubuntu Linux in public clouds</li><li>Experience integrating authentication &amp; authorization, financial, public cloud or marketplace systems</li><li>Experience with Salesforce development/integration or APEX<br><br></li></ul>What we offer you<br><br>Your base pay will depend on various factors including your geographical location, level of experience, knowledge and skills. In addition to the benefits above, certain roles are also eligible for additional benefits and rewards including annual bonuses and sales incentives based on revenue or utilisation. Our compensation philosophy is to ensure equity right across our global workforce.<br><br>In addition to a competitive base pay, we provide all team members with additional benefits, which reflect our values and ideals. Please note that additional benefits may apply depending on the work location and, for more information on these, you can ask in the later stages of the recruitment process.<br><br><ul><li>Fully remote working environment - we've been working remotely since 2004!</li><li>Personal learning and development budget of 2,000USD per annum</li><li>Annual compensation review</li><li>Recognition rewards</li><li>Annual holiday leave</li><li>Parental Leave</li><li>Employee Assistance Programme</li><li>Opportunity to travel to new locations to meet colleagues at 'sprints'</li><li>Priority Pass for travel and travel upgrades for long haul company events<br><br></li></ul><strong>About Canonical<br><br></strong>Canonical is a pioneering tech firm that is at the forefront of the global move to open source. As the company that publishes Ubuntu, one of the most important open source projects and the platform for AI, IoT and the cloud, we are changing the world on a daily basis. We recruit on a global basis and set a very high standard for people joining the company. We expect excellence - in order to succeed, we need to be the best at what we do.<br><br>Canonical has been a remote-first company since its inception in 2004. Work at Canonical is a step into the future, and will challenge you to think differently, work smarter, learn new skills, and raise your game. Canonical provides a unique window into the world of 21st-century digital business.<br><br>Canonical is an equal opportunity employer<br><br>We are proud to foster a workplace free from discrimination. Diversity of experience, perspectives, and background create a better work environment and better products. Whatever your identity, we will give your application fair consideration.<br><br>
      </div>

        

    
    
    

    <button class=""show-more-less-html__button show-more-less-button
        show-more-less-html__button--more
        !ml-0.5"" data-tracking-control-name=""public_jobs_show-more-html-btn"" aria-label=""Show more, visually expands previously read content above"" aria-expanded=""false"">
        Show more

        <icon class=""show-more-less-html__button-icon show-more-less-button-icon"" data-delayed-url=""https://static.licdn.com/aero-v1/sc/h/cyolgscd0imw2ldqppkrb84vo""></icon>
    </button>
  

        

    
    
    

    <button class=""show-more-less-html__button show-more-less-button
        show-more-less-html__button--less
        !ml-0.5"" data-tracking-control-name=""public_jobs_show-less-html-btn"" aria-label=""Show less"" aria-expanded=""true"">
        Show less

        <icon class=""show-more-less-html__button-icon show-more-less-button-icon"" data-delayed-url=""https://static.licdn.com/aero-v1/sc/h/4chtt12k98xwnba1nimld2oyg""></icon>
    </button>
  
    </section>"
Software Engineer - Python and K8s,https://bh.linkedin.com/jobs/view/software-engineer-python-and-k8s-at-canonical-3738241788?refId=oBmBgL6tQyMzvT1GwX7fPQ%3D%3D&trackingId=F32TX8NnV0zRuhSvkVy6%2Fw%3D%3D&position=12&pageNum=0&trk=public_jobs_jserp-result_search-card,"<section class=""show-more-less-html"" data-max-lines=""5"">
      <div class=""show-more-less-html__markup show-more-less-html__markup--clamp-after-5
          relative overflow-hidden"">
        Our mission is to reinvent the way companies manage their open source information systems - on public clouds and in their own data centres. To achieve that we are building a new community around Python opscode for open source applications, running on Kubernetes. We want to move all of Canonical and Ubuntu IS onto this new, open source codebase.<br><br>We are confident that we can dramatically improve the experience of running complex business operations - and then we can help our customers embrace those new techniques and products. Traditionally, IS is an inward-facing operation. We would like to transform our IS team into an extension of the product engineering capability at Canonical. Our internal workloads are in many cases the same open source workloads that our customers want to operate. This team will productise those workloads for real-time automated operations on Kubernetes.<br><br>This role is ideal for software engineers who enjoy Python, have a passion for distributed systems, and an interest in the entire Linux stack - from kernel to networking to virtualization and containers. It is a role that requires rigour in both code and customer interactions. Our engineers are technically astute open source enthusiasts who are excited about cloud computing and are ready to join a global team charged with delivering world class services to our customers.<br><br>Strong Python development skills and familiarity with Kubernetes are key requirements of this role. You'll work closely with other teams in Canonical to ensure your products operate reliably, efficiently and scale to production sized workloads for our customers looking to adopt cutting-edge technology. You will participate and be responsible for ensuring sound software architecture and follow best practices in software quality, testing and documentation.<br><br>What you'll do<br><br><ul><li>Work in Python to design and deliver open source software operations code</li><li>Work across the entire Linux stack, from kernel, networking, storage, to applications</li><li>Learn to think rigorously about application and infrastructure reliability</li><li>Shape high quality open source monitoring and alerting infrastructure</li><li>Simplify open source operations for our customers and open source community</li><li>Demonstrate sound engineering design and testing principles in your code</li><li>Follow agile software development practices</li><li>Coach and develop your colleagues where you have insights</li><li>Grow a healthy, collaborative engineering culture in line with company values</li><li>Work from home with global travel once or twice a year for up to 2 weeks for events<br><br></li></ul>Who you are<br><br><ul><li>You love technology and working with brilliant people</li><li>You have a Bachelor's or equivalent in Computer Science, STEM or similar degree</li><li>You are experienced with Linux systems administration, package management, and operations</li><li>You have hands-on experience with at least one public cloud</li><li>You are familiar with Docker and Kubernetes</li><li>You are an experienced Python programmer and enjoy challenging projects</li><li>You understand the importance of reliable software and strive to design and code to that expectation</li><li>You are organized and want your team to deliver timely, high quality software<br><br></li></ul><strong>About Canonical<br><br></strong>Canonical is a growing international software company that works with the open-source community to deliver Ubuntu, ""the world's best free software platform"". Our mission is to realise the potential of free software in the lives of individuals and organisations. Our services are helping individuals and businesses worldwide to reduce costs, improve efficiency and enhance security with Ubuntu.<br><br><em>We are proud to foster a workplace free from discrimination. Diversity of experience, perspectives, and background create a better work environment and better products. Whatever your identity we will give your application fair consideration.<br><br></em>#Stack<br><br>
      </div>

        

    
    
    

    <button class=""show-more-less-html__button show-more-less-button
        show-more-less-html__button--more
        !ml-0.5"" data-tracking-control-name=""public_jobs_show-more-html-btn"" aria-label=""Show more, visually expands previously read content above"" aria-expanded=""false"">
        Show more

        <icon class=""show-more-less-html__button-icon show-more-less-button-icon"" data-delayed-url=""https://static.licdn.com/aero-v1/sc/h/cyolgscd0imw2ldqppkrb84vo""></icon>
    </button>
  

        

    
    
    

    <button class=""show-more-less-html__button show-more-less-button
        show-more-less-html__button--less
        !ml-0.5"" data-tracking-control-name=""public_jobs_show-less-html-btn"" aria-label=""Show less"" aria-expanded=""true"">
        Show less

        <icon class=""show-more-less-html__button-icon show-more-less-button-icon"" data-delayed-url=""https://static.licdn.com/aero-v1/sc/h/4chtt12k98xwnba1nimld2oyg""></icon>
    </button>
  
    </section>"
Full Stack developer,https://bh.linkedin.com/jobs/view/full-stack-developer-at-penny-software-3770419214?refId=oBmBgL6tQyMzvT1GwX7fPQ%3D%3D&trackingId=UAhTZrnNAcvB3DWUcWdRFg%3D%3D&position=11&pageNum=0&trk=public_jobs_jserp-result_search-card,"<section class=""show-more-less-html"" data-max-lines=""5"">
      <div class=""show-more-less-html__markup show-more-less-html__markup--clamp-after-5
          relative overflow-hidden"">
        <br><p><strong>Role Description:</strong></p><p>We are looking for highly skilled MEAN stack application programmers who are comfortable with </p><p>both front and back end programming. Full MEAN stack developers are responsible for </p><p>developing and designing penny frontend web architecture, ensuring the responsiveness of </p><p>applications, and working in cross functional teams alongside UX/UX designer for web design </p><p>features, among other duties. You will be participating in building product modules and features </p><p>from conception to final product, requiring good logical and organizational skills as well as </p><p>attention to details.</p><p><strong>Responsibilities:</strong></p><p>● Design and architect the core UI components of the product with the founders using </p><p>AngularJS best practices.</p><p>● Build all core elements for the Penny.co and its workflow</p><p>● Writing Core JavaScript/Typescript and HTML with Angular Framework.</p><p>● Design and build the core services, infrastructure, and system architecture</p><p>● Implement web-services, business-logic, APIs for the Penny.co product interface</p><p>● Building interactive consumer data from multiple systems and RESTfully abstract to the </p><p>UI through a Node.js backend</p><p>● Help improve engineering standards, tooling, and process</p><p>● Experiment with, prototype, measure, and create data-driven technology stacks</p><p><br></p><p><strong>Minimum Requirements for a Full-Stack Developer Position:</strong></p><p><br></p><p>1. <strong>Education and Experience</strong>:</p><ul><li>Bachelor's degree in computer science, software engineering, or a related field.</li><li>At least 3 years of professional experience in full-stack development.</li></ul><p><br></p><p>2. <strong>Front-End Development</strong>:</p><ul><li>Proficiency in Angular and TypeScript for building responsive and user-friendly web applications.</li><li>Strong knowledge of HTML, CSS, and JavaScript.</li><li>Experience with front-end build tools and package managers, such as Webpack and npm.</li></ul><p><br></p><p>3. <strong>Back-End Development</strong>:</p><ul><li>Expertise in Node.js for building server-side applications and APIs.</li><li>Proficiency in TypeScript/JavaScript for server-side scripting.</li><li>Familiarity with RESTful APIs.</li></ul><p><br></p><p>4. <strong>Database</strong>:</p><ul><li>Solid experience with MongoDB, including database design, querying, and optimization.</li><li>Knowledge of database modeling and schema design.</li></ul><p><br></p><p>5. <strong>Distributed Systems:</strong></p><ul><li>Familiarity with distributed systems, including message brokers like RabbitMQ, for implementing communication and event-driven architectures.</li></ul><p><br></p><p>6. <strong>Version Control</strong>:</p><ul><li>Proficiency in using Git for version control and collaboration with team members.</li></ul><p><br></p><p>7. <strong>Testing and Debugging</strong>:</p><ul><li>Strong understanding of unit testing, integration testing, and end-to-end testing.</li><li>Experience with testing frameworks and tools (e.g., Jest, Jasmine).</li></ul><p><br></p><p>8. <strong>Package Management</strong>:</p><ul><li>Familiarity with package management tools such as npm for installing and managing dependencies.</li></ul><p><br></p><p>9. <strong>Security</strong>:</p><ul><li>Awareness of common web security practices and techniques for protecting applications from vulnerabilities.</li></ul><p><br></p><p>10. <strong>Deployment and DevOps</strong>:</p><ul><li>Experience with deployment processes and tools (e.g., Docker, Kubernetes).</li><li>Basic understanding of continuous integration/continuous deployment (CI/CD) pipelines.</li></ul><p><br></p><p>11. <strong>Problem-Solving Skills</strong>:</p><ul><li>Strong analytical and problem-solving abilities to address technical challenges.</li></ul><p><br></p><p>12. <strong>Communication and Teamwork</strong>:</p><ul><li>Excellent communication skills to collaborate with cross-functional teams and stakeholders.</li><li>Ability to work effectively in an agile development environment.</li></ul><p><br></p><p>13. <strong>Continuous Learning</strong>:</p><ul><li>A willingness to stay updated with the latest technology trends and adapt to evolving development tools and practices.</li></ul><p><br></p><p>kindly share your cv with subject</p><p>(Full stack)</p><p>to email below</p><p>Noura.alhindi@penny.co</p>
      </div>

        

    
    
    

    <button class=""show-more-less-html__button show-more-less-button
        show-more-less-html__button--more
        !ml-0.5"" data-tracking-control-name=""public_jobs_show-more-html-btn"" aria-label=""Show more, visually expands previously read content above"" aria-expanded=""false"">
        Show more

        <icon class=""show-more-less-html__button-icon show-more-less-button-icon"" data-delayed-url=""https://static.licdn.com/aero-v1/sc/h/cyolgscd0imw2ldqppkrb84vo""></icon>
    </button>
  

        

    
    
    

    <button class=""show-more-less-html__button show-more-less-button
        show-more-less-html__button--less
        !ml-0.5"" data-tracking-control-name=""public_jobs_show-less-html-btn"" aria-label=""Show less"" aria-expanded=""true"">
        Show less

        <icon class=""show-more-less-html__button-icon show-more-less-button-icon"" data-delayed-url=""https://static.licdn.com/aero-v1/sc/h/4chtt12k98xwnba1nimld2oyg""></icon>
    </button>
  
    </section>"
Software Engineer - Python/Golang - Kubernetes,https://bh.linkedin.com/jobs/view/software-engineer-python-golang-kubernetes-at-canonical-3768273589?refId=oBmBgL6tQyMzvT1GwX7fPQ%3D%3D&trackingId=XGAsbOpQyXzdce8Ailcb2Q%3D%3D&position=10&pageNum=0&trk=public_jobs_jserp-result_search-card,"<section class=""show-more-less-html"" data-max-lines=""5"">
      <div class=""show-more-less-html__markup show-more-less-html__markup--clamp-after-5
          relative overflow-hidden"">
        As a member of the Kubernetes product team, you will build the operators and addons; the former, offering complete lifecycle management of mission-critical components, and the latter, a zero-ops experience for seamlessly integrating projects into your Kubernetes.<br><br>You will gain familiarity with the latest features in Kubernetes and look to incorporate the best of open-source to bring functionality to our end-users. You will collaborate with industry peers and partners to bring the right solutions to our customers.<br><br>This is an exciting opportunity for a software engineer passionate about open source software, Linux, Golang, Python and Kubernetes.<br><br><em><strong>Location</strong></em>: This is a remote position available in EMEA and the Americas.<br><br>What you will focus on<br><br><ul><li>Write high-quality code to create new features</li><li>Debug issues and interact with a vibrant community</li><li>Collaborate proactively with a distributed team</li><li>Work with helpful and talented engineers including experts in many fields</li><li>Work from home with global travel 2 to 4 weeks for internal and external events<br><br></li></ul>What we are looking for in you<br><br><ul><li>You are a Golang developer also fluent in Python</li><li>You have experience with Kubernetes</li><li>You have strong written and verbal communication skills</li><li>You have a Bachelor's or equivalent in Computer Science, STEM or similar degree</li><li>You love technology and working with brilliant people<br><br></li></ul>What we offer you<br><br>We consider geographical location, experience, and performance in shaping compensation worldwide. We revisit compensation annually (and more often for graduates and associates) to ensure we recognise outstanding performance. In addition to base pay, we offer a performance-driven annual bonus. We provide all team members with additional benefits, which reflect our values and ideals. We balance our programs to meet local needs and ensure fairness globally.<br><br><ul><li>Distributed work environment with twice-yearly team sprints in person</li><li>Personal learning and development budget of USD 2,000 per year</li><li>Annual compensation review</li><li>Recognition rewards</li><li>Annual holiday leave</li><li>Maternity and paternity leave</li><li>Employee Assistance Programme</li><li>Opportunity to travel to new locations to meet colleagues</li><li>Priority Pass, and travel upgrades for long haul company events<br><br></li></ul><strong>About Canonical<br><br></strong>Canonical is a pioneering tech firm at the forefront of the global move to open source. As the company that publishes Ubuntu, one of the most important open source projects and the platform for AI, IoT and the cloud, we are changing the world on a daily basis. We recruit on a global basis and set a very high standard for people joining the company. We expect excellence - in order to succeed, we need to be the best at what we do. Canonical has been a remote-first company since its inception in 2004. Working here is a step into the future, and will challenge you to think differently, work smarter, learn new skills, and raise your game.<br><br>Canonical is an equal opportunity employer<br><br>We are proud to foster a workplace free from discrimination. Diversity of experience, perspectives, and background create a better work environment and better products. Whatever your identity, we will give your application fair consideration.<br><br>
      </div>

        

    
    
    

    <button class=""show-more-less-html__button show-more-less-button
        show-more-less-html__button--more
        !ml-0.5"" data-tracking-control-name=""public_jobs_show-more-html-btn"" aria-label=""Show more, visually expands previously read content above"" aria-expanded=""false"">
        Show more

        <icon class=""show-more-less-html__button-icon show-more-less-button-icon"" data-delayed-url=""https://static.licdn.com/aero-v1/sc/h/cyolgscd0imw2ldqppkrb84vo""></icon>
    </button>
  

        

    
    
    

    <button class=""show-more-less-html__button show-more-less-button
        show-more-less-html__button--less
        !ml-0.5"" data-tracking-control-name=""public_jobs_show-less-html-btn"" aria-label=""Show less"" aria-expanded=""true"">
        Show less

        <icon class=""show-more-less-html__button-icon show-more-less-button-icon"" data-delayed-url=""https://static.licdn.com/aero-v1/sc/h/4chtt12k98xwnba1nimld2oyg""></icon>
    </button>
  
    </section>"
Full-stack Engineer,https://bh.linkedin.com/jobs/view/full-stack-engineer-at-ctm360%C2%AE-3756184974?refId=oBmBgL6tQyMzvT1GwX7fPQ%3D%3D&trackingId=oYmcvNXkM9hJKPHRb1VIeg%3D%3D&position=9&pageNum=0&trk=public_jobs_jserp-result_search-card,"<section class=""show-more-less-html"" data-max-lines=""5"">
      <div class=""show-more-less-html__markup show-more-less-html__markup--clamp-after-5
          relative overflow-hidden"">
        <strong>Job Description<br><br></strong>We are looking to appoint a Full-Stack Engineer who can hit the ground running and participate in taking our products to the next level! Our engineers work with different teams to come up with innovative ways to improve the product and, ultimately, our customers' experience. Join us and be at the forefront of technology and innovation.<br><br><strong>Qualifications<br><br></strong><ul><li>Computer Science Graduate or Software Engineering Graduate</li><li>2+ years of hands-on React component-based development</li><li>2+ years of experience with JavaScript (ES5, ES6, ES7), Typescript, and Node.js </li><li>Familiarity with NoSQL database systems (MongoDB, CouchDB, Elasticsearch)</li><li>Experience with component styling, CSS</li><li>Experience with cloud environments (AWS, GCP, etc.)</li><li>Emotional intelligence + Ego-less intelligence</li><li>Hands-on production experience developing rich platform web applications<br><br></li></ul>Additional Information<br><br><strong>Screening questions:<br><br></strong><ul><li>How many years have you worked as a software engineer or Developer? (0-8)</li><li>Do you have a year or more of experience building react-based UIs? (Yes / No)</li><li>On a scale of 0-5, where would you rank your React skills?</li><li>On a scale of 0-5, where would you assess your Node.js skills?</li><li>Have you had hands-on experience with a cloud platform such as AWS or GCP?</li></ul>
      </div>

        

    
    
    

    <button class=""show-more-less-html__button show-more-less-button
        show-more-less-html__button--more
        !ml-0.5"" data-tracking-control-name=""public_jobs_show-more-html-btn"" aria-label=""Show more, visually expands previously read content above"" aria-expanded=""false"">
        Show more

        <icon class=""show-more-less-html__button-icon show-more-less-button-icon"" data-delayed-url=""https://static.licdn.com/aero-v1/sc/h/cyolgscd0imw2ldqppkrb84vo""></icon>
    </button>
  

        

    
    
    

    <button class=""show-more-less-html__button show-more-less-button
        show-more-less-html__button--less
        !ml-0.5"" data-tracking-control-name=""public_jobs_show-less-html-btn"" aria-label=""Show less"" aria-expanded=""true"">
        Show less

        <icon class=""show-more-less-html__button-icon show-more-less-button-icon"" data-delayed-url=""https://static.licdn.com/aero-v1/sc/h/4chtt12k98xwnba1nimld2oyg""></icon>
    </button>
  
    </section>"
Full Stack Developer - Bizgarden W.L.L,https://bh.linkedin.com/jobs/view/full-stack-developer-bizgarden-w-l-l-at-talent-pal-3770835019?refId=oBmBgL6tQyMzvT1GwX7fPQ%3D%3D&trackingId=WW87rv4YUSht9qGpd1oWXw%3D%3D&position=8&pageNum=0&trk=public_jobs_jserp-result_search-card,"<section class=""show-more-less-html"" data-max-lines=""5"">
      <div class=""show-more-less-html__markup show-more-less-html__markup--clamp-after-5
          relative overflow-hidden"">
        W are looking for a full stack developer who have a good knowledge in Front-end Languages, Backend Technologies and Frameworks, Database Management Systems and Web Hosting Platforms.<br><br><strong>Responsibilities<br><br></strong><ul><li>Work with development teams and product managers to ideate software solutions</li><li>Design client-side and server-side architecture</li><li>Build the front-end of applications through appealing visual design</li><li>Develop and manage well-functioning databases and applications</li><li>Write effective APIs</li><li>Test software to ensure responsiveness and efficiency</li><li>Troubleshoot, debug and upgrade software</li><li>Create security and data protection settings</li><li>Build features and applications with a mobile responsive design</li><li>Write technical documentation</li><li>Work with data scientists and analysts to improve software<br><br></li></ul><strong>Requirements And Skills<br><br></strong><ul><li>Proven experience as a Full Stack Developer or similar role</li><li>Experience developing desktop and mobile applications</li><li>Familiarity with common stacks</li><li>Knowledge of multiple front-end languages and libraries (e.g. HTML/ CSS, JavaScript, XML, jQuery)</li><li>Knowledge of multiple back-end languages (e.g. C#, Java, Python) and JavaScript frameworks (e.g. -Angular, React, Node.js)</li><li>Familiarity with databases (e.g. MySQL, MongoDB), web servers (e.g. Apache) and UI/UX design</li><li>Excellent communication and teamwork skills</li><li>Great attention to detail</li><li>Organizational skills</li><li>An analytical mind</li><li>Degree in Computer Science, Statistics or relevant field<br><br></li></ul>Experience: Min 3 years<br><br>Salary: will be discussed at the time of interview.<br><br>Job Type: Full-time<br><br>Ability to commute/relocate:<br><br><ul><li>Manama: Reliably commute or planning to relocate before starting work (Required)<br><br></li></ul>Application Deadline: 20/11/2023
      </div>

        

    
    
    

    <button class=""show-more-less-html__button show-more-less-button
        show-more-less-html__button--more
        !ml-0.5"" data-tracking-control-name=""public_jobs_show-more-html-btn"" aria-label=""Show more, visually expands previously read content above"" aria-expanded=""false"">
        Show more

        <icon class=""show-more-less-html__button-icon show-more-less-button-icon"" data-delayed-url=""https://static.licdn.com/aero-v1/sc/h/cyolgscd0imw2ldqppkrb84vo""></icon>
    </button>
  

        

    
    
    

    <button class=""show-more-less-html__button show-more-less-button
        show-more-less-html__button--less
        !ml-0.5"" data-tracking-control-name=""public_jobs_show-less-html-btn"" aria-label=""Show less"" aria-expanded=""true"">
        Show less

        <icon class=""show-more-less-html__button-icon show-more-less-button-icon"" data-delayed-url=""https://static.licdn.com/aero-v1/sc/h/4chtt12k98xwnba1nimld2oyg""></icon>
    </button>
  
    </section>"
Web Developer,https://bh.linkedin.com/jobs/view/web-developer-at-canonical-3766321641?refId=oBmBgL6tQyMzvT1GwX7fPQ%3D%3D&trackingId=JvKw9GYVNFbxeUUda7dOvw%3D%3D&position=7&pageNum=0&trk=public_jobs_jserp-result_search-card,"<section class=""show-more-less-html"" data-max-lines=""5"">
      <div class=""show-more-less-html__markup show-more-less-html__markup--clamp-after-5
          relative overflow-hidden"">
        Our mission is great open source<br><br>It is our mission to make open source software available to people everywhere. We create world-renowned software, impacting the lives of millions of people every day.<br><br>The web team works in a multi-disciplinary environment with visual designers, UX designers and other developers to bring exciting new web projects to life. We help and learn from each other and constantly strive to improve both our work and our processes.<br><br><strong>Required Skills And Experience<br><br></strong><ul><li>Demonstrable experience of work on modern web applications</li><li>A strong understanding of HTML, CSS with SCSS and JavaScript</li><li>Experience with Javascript components libraries</li><li>Experience with TypeScript</li><li>Experience with responsive user interfaces for a wide range of devices and browsers</li><li>Experience with Git or other version control systems</li><li>Awareness of SEO best practice</li><li>Consideration of accessibility in all aspects of your work</li><li>A strong understanding of web performance in complex user interfaces</li><li>Ability to interact with UX, designers and server-side developers</li><li>Curiosity about technology and a thirst to learn</li><li>Based in EMEA timezones (Europe, the Middle East and Africa)</li><li>University degree or equivalent education<br><br></li></ul>Useful experience if you have it<br><br><ul><li>Familiarity with Linux desktop technologies</li><li>Server-side languages, such as Python or NodeJS</li><li>Experience working on a large scale React (with TypeScript) project</li><li>A history of open source contributions</li><li>Relevant work experience<br><br></li></ul>Who you are<br><br>We want a Web Developer who loves what they do. You are passionate about web standards and keep abreast of new developments in our industry. You always look for opportunities to improve your skills. You like to show off what you're working on and also learn from others. You have strong attention to detail and value the design of a product as much as you value the code. You have strong communication skills and maybe even blog once in a while. You're aware of the latest CSS techniques but also know the limitations that developing for a broad audience can bring - actually, you embrace the challenge.<br><br>In this team<br><br><ul><li>You'll create high fidelity websites and web apps using the latest incarnations of HTML, CSS (SCSS) and Javascript (React and TypeScript)</li><li>You'll help maintain existing projects including updating content and adding new pages</li><li>You'll manage incoming requests for updates and liaise with or delegate to other people as necessary</li><li>You'll ensure the standard of our output remains high and consistent across our whole product portfolio</li><li>You'll ensure new pages are published according to specification and in compliance with our web style guide</li><li>You'll participate in and contribute to our living style guide, Vanilla Framework. </li><li>Work closely with UX designers and visual designers to implement exemplary user experiences. <br><br></li></ul>What we offer<br><br><ul><li>An opportunity to help shape a company and products with a strong influence in the open source community</li><li>An inclusive work environment within a team of friendly people with a broad range of skill sets, from UX designers to copywriters</li><li>Learning and development</li><li>Annual compensation review</li><li>Recognition rewards</li><li>Annual leave</li><li>Priority Pass for travel<br><br></li></ul><em>We are proud to foster a workplace free from discrimination. Diversity of experience, perspectives, and background create a better work environment and better products. Whatever your identity we will give your application fair consideration.<br><br></em>
      </div>

        

    
    
    

    <button class=""show-more-less-html__button show-more-less-button
        show-more-less-html__button--more
        !ml-0.5"" data-tracking-control-name=""public_jobs_show-more-html-btn"" aria-label=""Show more, visually expands previously read content above"" aria-expanded=""false"">
        Show more

        <icon class=""show-more-less-html__button-icon show-more-less-button-icon"" data-delayed-url=""https://static.licdn.com/aero-v1/sc/h/cyolgscd0imw2ldqppkrb84vo""></icon>
    </button>
  

        

    
    
    

    <button class=""show-more-less-html__button show-more-less-button
        show-more-less-html__button--less
        !ml-0.5"" data-tracking-control-name=""public_jobs_show-less-html-btn"" aria-label=""Show less"" aria-expanded=""true"">
        Show less

        <icon class=""show-more-less-html__button-icon show-more-less-button-icon"" data-delayed-url=""https://static.licdn.com/aero-v1/sc/h/4chtt12k98xwnba1nimld2oyg""></icon>
    </button>
  
    </section>"
Full Stack Engineer,https://bh.linkedin.com/jobs/view/full-stack-engineer-at-calo-inc-3687995504?refId=oBmBgL6tQyMzvT1GwX7fPQ%3D%3D&trackingId=lKaEBcCu5gAT2uJU%2FWxCBw%3D%3D&position=6&pageNum=0&trk=public_jobs_jserp-result_search-card,"<section class=""show-more-less-html"" data-max-lines=""5"">
      <div class=""show-more-less-html__markup show-more-less-html__markup--clamp-after-5
          relative overflow-hidden"">
        <strong>About</strong><p><br></p>Launched in Bahrain in November of 2019, Calo is on a mission to make healthy easy. We’re a team of dedicated people driving this mission by providing better, faster, and cheaper ways to access food through technology.<p><br></p><strong>About The Role</strong><p><br></p>We’re looking for an experienced team player that is passionate about their work, thinks about application performance and scalability, and applies the best architecture practices, while keeping up with the latest technology. You’ll be responsible for building these applications and communicating with the teams responsible for other layers of the product.<p><br></p><strong>Responsibilities</strong><p><br></p><ul><li>Write robust, highly reusable, well-tested code</li><li>Implement new features and support existing ones</li><li>Communicate with the product team, share knowledge, and support your peers </li><li>Communicate with QA to get the product tested and ensure it's bug-free </li><li>Make decisions related to the code architecture </li><li>Improve codebase and apply best practices based on the latest technologies</li><li>Integrate with 3rd party services</li></ul><p><br></p>Ideal Candidate<p><br></p><strong>Qualifications</strong><p><br></p><ul><li>Over 2 years of hands-on full stack experience (React/React-Native + Node) </li><li>Experience with Serverless framework</li><li>Experience with microservices, event-driven architecture Strong knowledge of NoSQL </li><li>Experience with TypeScript </li><li>Experience with hooks, functional components, functional programming patterns </li><li>Experience in animation development and graphic design </li><li>Experience with libraries: jest, react-query, amplify </li><li>Experience with AWS services(Cognito, S3, Cloudfront, DyanmoDB, Lambda, SQS, SNS, OpenSearch, Cloudformation)</li><li>Experience with TDD, clean Architecture</li><li>Experience with CI/CD, Scrum, Firebase, REST API, GraphQL</li><li>Experience working with remote teams </li><li>Startup experience a plus</li></ul><p><br></p>Personality<p><br></p><ul><li>Strong communicator </li><li>Pleasant personality and able to lead with empathy and patience</li></ul><p><br></p>Powered by JazzHR<p><br></p>wyZ4BKpGzo
      </div>

        

    
    
    

    <button class=""show-more-less-html__button show-more-less-button
        show-more-less-html__button--more
        !ml-0.5"" data-tracking-control-name=""public_jobs_show-more-html-btn"" aria-label=""Show more, visually expands previously read content above"" aria-expanded=""false"">
        Show more

        <icon class=""show-more-less-html__button-icon show-more-less-button-icon"" data-delayed-url=""https://static.licdn.com/aero-v1/sc/h/cyolgscd0imw2ldqppkrb84vo""></icon>
    </button>
  

        

    
    
    

    <button class=""show-more-less-html__button show-more-less-button
        show-more-less-html__button--less
        !ml-0.5"" data-tracking-control-name=""public_jobs_show-less-html-btn"" aria-label=""Show less"" aria-expanded=""true"">
        Show less

        <icon class=""show-more-less-html__button-icon show-more-less-button-icon"" data-delayed-url=""https://static.licdn.com/aero-v1/sc/h/4chtt12k98xwnba1nimld2oyg""></icon>
    </button>
  
    </section>"
Full Stack Developer,https://bh.linkedin.com/jobs/view/full-stack-developer-at-bizgarden-w-l-l-3763309340?refId=oBmBgL6tQyMzvT1GwX7fPQ%3D%3D&trackingId=y3n5uBwa8M3Kyljj%2FoVmuA%3D%3D&position=5&pageNum=0&trk=public_jobs_jserp-result_search-card,"<section class=""show-more-less-html"" data-max-lines=""5"">
      <div class=""show-more-less-html__markup show-more-less-html__markup--clamp-after-5
          relative overflow-hidden"">
        W are looking for a full stack developer who have a good knowledge in Front-end Languages, Backend Technologies and Frameworks, Database Management Systems and Web Hosting Platforms.<br><br><strong>Responsibilities<br><br></strong><ul><li>Work with development teams and product managers to ideate software solutions</li><li>Design client-side and server-side architecture</li><li>Build the front-end of applications through appealing visual design</li><li>Develop and manage well-functioning databases and applications</li><li>Write effective APIs</li><li>Test software to ensure responsiveness and efficiency</li><li>Troubleshoot, debug and upgrade software</li><li>Create security and data protection settings</li><li>Build features and applications with a mobile responsive design</li><li>Write technical documentation</li><li>Work with data scientists and analysts to improve software<br><br></li></ul><strong>Requirements And Skills<br><br></strong><ul><li>Proven experience as a Full Stack Developer or similar role</li><li>Experience developing desktop and mobile applications</li><li>Familiarity with common stacks</li><li>Knowledge of multiple front-end languages and libraries (e.g. HTML/ CSS, JavaScript, XML, jQuery)</li><li>Knowledge of multiple back-end languages (e.g. C#, Java, Python) and JavaScript frameworks (e.g. -Angular, React, Node.js)</li><li>Familiarity with databases (e.g. MySQL, MongoDB), web servers (e.g. Apache) and UI/UX design</li><li>Excellent communication and teamwork skills</li><li>Great attention to detail</li><li>Organizational skills</li><li>An analytical mind</li><li>Degree in Computer Science, Statistics or relevant field<br><br></li></ul>Experience: Min 3 years<br><br>Salary: will be discussed at the time of interview.<br><br>Job Type: Full-time<br><br><strong>Ability To Commute/relocate<br><br></strong><ul><li>Manama: Reliably commute or planning to relocate before starting work (Required)<br><br></li></ul>Application Deadline: 20/11/2023
      </div>

        

    
    
    

    <button class=""show-more-less-html__button show-more-less-button
        show-more-less-html__button--more
        !ml-0.5"" data-tracking-control-name=""public_jobs_show-more-html-btn"" aria-label=""Show more, visually expands previously read content above"" aria-expanded=""false"">
        Show more

        <icon class=""show-more-less-html__button-icon show-more-less-button-icon"" data-delayed-url=""https://static.licdn.com/aero-v1/sc/h/cyolgscd0imw2ldqppkrb84vo""></icon>
    </button>
  

        

    
    
    

    <button class=""show-more-less-html__button show-more-less-button
        show-more-less-html__button--less
        !ml-0.5"" data-tracking-control-name=""public_jobs_show-less-html-btn"" aria-label=""Show less"" aria-expanded=""true"">
        Show less

        <icon class=""show-more-less-html__button-icon show-more-less-button-icon"" data-delayed-url=""https://static.licdn.com/aero-v1/sc/h/4chtt12k98xwnba1nimld2oyg""></icon>
    </button>
  
    </section>"
Software Engineer - Python - Ubuntu Pro client - graduate level,https://bh.linkedin.com/jobs/view/software-engineer-python-ubuntu-pro-client-graduate-level-at-canonical-3678134691?refId=oBmBgL6tQyMzvT1GwX7fPQ%3D%3D&trackingId=HIuPkh7e9EIHbS9ikLPQcg%3D%3D&position=4&pageNum=0&trk=public_jobs_jserp-result_search-card,"<section class=""show-more-less-html"" data-max-lines=""5"">
      <div class=""show-more-less-html__markup show-more-less-html__markup--clamp-after-5
          relative overflow-hidden"">
        Ubuntu Pro is a suite of specialist services provided by Canonical. Whether for enterprise customers deploying systems at scale or users who want security patching for their personal Ubuntu LTS at home, the Ubuntu Pro Client is the command-line tool that manages all these services.<p><br></p>The quality and stability of the Ubuntu Pro Client is critically important, since it comes pre-installed on every Ubuntu system. You'll work with the Ubuntu Server team, alongside major cloud partners and multiple Canonical product teams to develop, test and release improvements to the Pro client. You will also be a voice in communication with our users, ensuring their needs are met.<p><br></p>This role requires quality-oriented software engineering in Python and a focus on software interoperability over a vast range of target releases and environments. Excellent Python skills are a key requirement, with previous contributions to open source Python projects being an advantage. The Pro client often interacts with the Ubuntu package management; therefore, experience in configuring apt, and knowledge of deb packaging and general system administration is advantageous in this role.<p><br></p>Applicants should be passionate about the Ubuntu project and its values and about building tools that are used by millions of people around the world. A personal interest and emphasis on quality, thinking of edge cases, ease of use, documentation, and careful community coordination is important. The Pro client is used at all ranges, from mission-critical environments to hobbyist Ubuntu users; applicants should be ready to work with the whole spectrum of end users and help guide engineering best practices with all of them in mind.<p><br></p>What you'll do<p><br></p><ul><li>Collaborate proactively with a distributed team</li><li>Write high quality code, with unit and functional tests, to create new features</li><li>Debug issues and produce high quality code to fix them</li><li>Review code produced by other engineers</li><li>Discuss ideas and investigate to find good solutions</li><li>Work from home, with global travel 2 to 4 weeks per year for internal and external events</li></ul><p><br></p>Who you are<p><br></p><ul><li>You love technology and working with brilliant people</li><li>You are curious, flexible, articulate, and accountable</li><li>You value soft skills and are passionate, enterprising, thoughtful, and self-motivated</li><li>You have a Bachelor's or equivalent in Computer Science, STEM or similar degree</li><li>You have extensive experience with Python on Linux</li><li>You have interest in and experience with two or more of the following: Ubuntu Linux systems administration, continuous integration, end-system contract management, Debian packaging, working with public or on premise clouds</li><li>Bonus points if you have experience engaging with the open source community</li></ul><p><br></p><em>Canonical is proud to foster a workplace free from discrimination. Diversity of experience, perspectives, and background lead to a better environment for our employees and a better platform for our users and customers. This is something we value deeply and we encourage everyone to come be a part of the world of Ubuntu.</em><p><br></p>#stack<p><br></p>
      </div>

        

    
    
    

    <button class=""show-more-less-html__button show-more-less-button
        show-more-less-html__button--more
        !ml-0.5"" data-tracking-control-name=""public_jobs_show-more-html-btn"" aria-label=""Show more, visually expands previously read content above"" aria-expanded=""false"">
        Show more

        <icon class=""show-more-less-html__button-icon show-more-less-button-icon"" data-delayed-url=""https://static.licdn.com/aero-v1/sc/h/cyolgscd0imw2ldqppkrb84vo""></icon>
    </button>
  

        

    
    
    

    <button class=""show-more-less-html__button show-more-less-button
        show-more-less-html__button--less
        !ml-0.5"" data-tracking-control-name=""public_jobs_show-less-html-btn"" aria-label=""Show less"" aria-expanded=""true"">
        Show less

        <icon class=""show-more-less-html__button-icon show-more-less-button-icon"" data-delayed-url=""https://static.licdn.com/aero-v1/sc/h/4chtt12k98xwnba1nimld2oyg""></icon>
    </button>
  
    </section>"
Software Engineer (Python/Linux/Packaging),https://bh.linkedin.com/jobs/view/software-engineer-python-linux-packaging-at-canonical-3765033777?refId=oBmBgL6tQyMzvT1GwX7fPQ%3D%3D&trackingId=KBL3yOmDSgBEAsrsNPHBTQ%3D%3D&position=3&pageNum=0&trk=public_jobs_jserp-result_search-card,"<section class=""show-more-less-html"" data-max-lines=""5"">
      <div class=""show-more-less-html__markup show-more-less-html__markup--clamp-after-5
          relative overflow-hidden"">
        Canonical delivers open source software to millions of Linux, Windows and Mac machines through Ubuntu and the wider Canonical ecosystem. We are expanding our scope, to help developers ship their software efficiently to clouds and IoT devices.<br><br>This is an opportunity for a talented software engineer with a passion for developer experience and build tooling to have a positive impact on the day-to-day workflow of thousands of snap and charm publishers. To be successful on this team you'll need to be interested in packaging formats, build systems and automation that can simplify the lives of developers and engineers trying to ship software to the widest possible audience.<br><br>We design and maintain specialist Python tools to support the developer build and publication process. The team takes responsibility for tooling that builds snaps, charms and more recently, ROCKs (OCI images).<br><br>Snapcraft allows developers to deliver app updates to millions of Linux systems automatically, eliminating the long tail of supported releases and complex install instructions. Snapcraft enables thousands of applications from over a thousand developers, including well-recognised names like Spotify, Slack, and Microsoft.<br><br>Likewise, Charmcraft enables collaboration between charmed operator developers, and publication on Charmhub, home of the Charmed Operator Collection. Charmed Operators enable developers to package software like databases, event queues, caches, observability tools, identity tools and more, right alongside the operations code that enables teams to integrate and operate that software at scale from Day 0 to Day 1,000, and beyond.<br><br>What we are looking for in you<br><br><ul><li>You have expertise in Python. </li><li>You have a strong understanding of the makeup of a modern GNU/Linux distribution. </li><li>You have a good understanding of build systems and toolchains, including for cross-compilation. </li><li>Experience working with container technology, such as Docker, Kubernetes and LXD. </li><li>Use your familiarity with languages, toolchains, frameworks, integrations, and CI systems to extend the snap build ecosystem</li><li>Work with external open source and commercial projects to understand how we can better serve community needs. <br><br></li></ul>What we offer you<br><br>Your base pay will depend on various factors including your geographical location, level of experience, knowledge and skills. In addition to the benefits above, certain roles are also eligible for additional benefits and rewards including annual bonuses and sales incentives based on revenue or utilisation. Our compensation philosophy is to ensure equity right across our global workforce.<br><br>In addition to a competitive base pay, we provide all team members with additional benefits, which reflect our values and ideals. Please note that additional benefits may apply depending on the work location and, for more information on these, you can ask in the later stages of the recruitment process.<br><br><ul><li>Fully remote working environment - we've been working remotely since 2004!</li><li>Personal learning and development budget of 2,000USD per annum</li><li>Annual compensation review</li><li>Recognition rewards</li><li>Annual holiday leave</li><li>Parental Leave</li><li>Employee Assistance Programme</li><li>Opportunity to travel to new locations to meet colleagues at 'sprints'</li><li>Priority Pass for travel and travel upgrades for long haul company events<br><br></li></ul><strong>About Canonical<br><br></strong>Canonical is a pioneering tech firm that is at the forefront of the global move to open source. As the company that publishes Ubuntu, one of the most important open source projects and the platform for AI, IoT and the cloud, we are changing the world on a daily basis. We recruit on a global basis and set a very high standard for people joining the company. We expect excellence - in order to succeed, we need to be the best at what we do.<br><br>Canonical has been a remote-first company since its inception in 2004. Work at Canonical is a step into the future, and will challenge you to think differently, work smarter, learn new skills, and raise your game. Canonical provides a unique window into the world of 21st-century digital business.<br><br>Canonical is an equal opportunity employer<br><br>We are proud to foster a workplace free from discrimination. Diversity of experience, perspectives, and background create a better work environment and better products. Whatever your identity, we will give your application fair consideration.<br><br>
      </div>

        

    
    
    

    <button class=""show-more-less-html__button show-more-less-button
        show-more-less-html__button--more
        !ml-0.5"" data-tracking-control-name=""public_jobs_show-more-html-btn"" aria-label=""Show more, visually expands previously read content above"" aria-expanded=""false"">
        Show more

        <icon class=""show-more-less-html__button-icon show-more-less-button-icon"" data-delayed-url=""https://static.licdn.com/aero-v1/sc/h/cyolgscd0imw2ldqppkrb84vo""></icon>
    </button>
  

        

    
    
    

    <button class=""show-more-less-html__button show-more-less-button
        show-more-less-html__button--less
        !ml-0.5"" data-tracking-control-name=""public_jobs_show-less-html-btn"" aria-label=""Show less"" aria-expanded=""true"">
        Show less

        <icon class=""show-more-less-html__button-icon show-more-less-button-icon"" data-delayed-url=""https://static.licdn.com/aero-v1/sc/h/4chtt12k98xwnba1nimld2oyg""></icon>
    </button>
  
    </section>"
Back End Developer,https://bh.linkedin.com/jobs/view/back-end-developer-at-skiplino-3773678396?refId=oBmBgL6tQyMzvT1GwX7fPQ%3D%3D&trackingId=t8aTzsQxLR5YndelDpdinw%3D%3D&position=2&pageNum=0&trk=public_jobs_jserp-result_search-card,"<section class=""show-more-less-html"" data-max-lines=""5"">
      <div class=""show-more-less-html__markup show-more-less-html__markup--clamp-after-5
          relative overflow-hidden"">
        <p>We are looking for an experienced <strong>Back-end developer</strong> to join our IT team. You will be responsible for the server side of our web applications.</p><p>If you have excellent programming skills and a passion for developing applications or improving existing ones, we would like to meet you. As a Back-end developer, you’ll work closely with our engineers to ensure system consistency and improve user experience.</p><p>Ultimately, you should be able to develop and maintain functional and stable web applications to meet our company’s needs.</p><p><strong>Responsibilities</strong></p><p>·      Participate in the entire application lifecycle, focusing on coding and debugging</p><p>·      Write clean code to develop functional web applications</p><p>·      Troubleshoot and debug applications</p><p>·      Perform Unit tests to optimize performance</p><p>·      Manage cutting-edge technologies to improve legacy applications</p><p>·      Collaborate with Front-end developers to integrate user-facing elements with server-side logic</p><p>·      Gather and address technical and design requirements</p><p>·      Provide training and support to internal teams</p><p>·      Build reusable code and libraries for future use</p><p>·      Liaise with developers, designers and system administrators to identify new features</p><p>·      Follow emerging technologies</p><p><strong>Requirements</strong></p><p>·      Experience building complex software systems</p><p>·      Knowledge of professional software engineering practices &amp; best practices for the full software development life cycle, including coding standards, code reviews, source control management, build processes, testing, and operations</p><p>·      Ability to take a project from scoping requirements through actual launch of the project</p><p>·      Collect requirements, describe software product features, and technical designs</p><p>·      Fundamentals in algorithm design, problem solving, and complexity analysis</p><p>·      Fundamentals in object-oriented design and data structures</p><p>·      Experience in integration of user-facing elements developed by front-end developers with server side logic</p><p>·      Strong proficiency with JavaScript and TypeScript</p><p>·      Knowledge of Node.js and frameworks available for it such as Express, Nest.js</p><p>·      Understanding the nature of asynchronous programming and its quirks and workarounds</p><p>·      User authentication and authorization between multiple systems, servers, and environments</p><p>·      Understanding differences between multiple delivery platforms, such as mobile vs. desktop, and optimizing output to match the specific platform</p><p>·      BSc degree in Computer Science or relevant field</p><p><br></p>
      </div>

        

    
    
    

    <button class=""show-more-less-html__button show-more-less-button
        show-more-less-html__button--more
        !ml-0.5"" data-tracking-control-name=""public_jobs_show-more-html-btn"" aria-label=""Show more, visually expands previously read content above"" aria-expanded=""false"">
        Show more

        <icon class=""show-more-less-html__button-icon show-more-less-button-icon"" data-delayed-url=""https://static.licdn.com/aero-v1/sc/h/cyolgscd0imw2ldqppkrb84vo""></icon>
    </button>
  

        

    
    
    

    <button class=""show-more-less-html__button show-more-less-button
        show-more-less-html__button--less
        !ml-0.5"" data-tracking-control-name=""public_jobs_show-less-html-btn"" aria-label=""Show less"" aria-expanded=""true"">
        Show less

        <icon class=""show-more-less-html__button-icon show-more-less-button-icon"" data-delayed-url=""https://static.licdn.com/aero-v1/sc/h/4chtt12k98xwnba1nimld2oyg""></icon>
    </button>
  
    </section>"
Python Engineer,https://bh.linkedin.com/jobs/view/python-engineer-at-canonical-3745349084?refId=oBmBgL6tQyMzvT1GwX7fPQ%3D%3D&trackingId=is7m9z2qmmIhL%2F7DW3cvnQ%3D%3D&position=1&pageNum=0&trk=public_jobs_jserp-result_search-card,"<section class=""show-more-less-html"" data-max-lines=""5"">
      <div class=""show-more-less-html__markup show-more-less-html__markup--clamp-after-5
          relative overflow-hidden"">
        This is a general track role, hiring for every team at Canonical who works in Python, across all levels of seniority. Apply here if you believe you are already an outstanding Python engineer.<br><br>Canonical works across the entire open source spectrum. Canonical Ubuntu is well-known as a developer favourite and enterprise-friendly Linux. Our web services and system utilities are often written in Python, which we choose where collaboration with other teams, ecosystems and communities is more important than raw performance.<br><br>We hire Python Developers with a passion for open-source software, innovation, and cutting-edge technologies. We also look for colleagues who understand that a great product is more than code – it is ready for the unexpected, it is well documented, it is comprehensively tested, it is tastefully presented in its CLI or GUI. At Canonical, you will have the opportunity to make significant contributions through high-quality, idiomatic Python code.<br><br>Your team will own a product that may comprise several codebases. These may be intended to run on servers, or on Kubernetes, or on the desktop, or as web services for Ubuntu clients. They may be utilities or frameworks or tools, or part of our production process.<br><br>Additionally, this role will give you the opportunity to engage with the broader open-source community. We're looking for individuals who can help build a thriving community, contribute to a broad range of technologies, and ensure seamless software operations at scale.<br><br>Location: we have remote Python engineering roles in every time zone.<br><br>What your day will look like<br><br><ul><li>Write high-quality, well-designed and well-tested Python software </li><li>Collaborate proactively with a globally distributed team </li><li>Display technical leadership at Canonical and in our communities </li><li>Debug issues and produce high-quality code to fix them </li><li>Contribute to technical documentation with the aim to make it the best of its kind </li><li>Work from home with global travel twice a year for company events <br><br></li></ul>What we are looking for in you<br><br><ul><li>An exceptional academic track record from both high school and university</li><li>Undergraduate degree in Computer Science or STEM, or a compelling narrative about your alternative path</li><li>Drive and a track record of going above-and-beyond expectations</li><li>Well-organised, self-starting and able to deliver to schedule</li><li>Professional manner interacting with colleagues, partners, and community</li><li>Experience writing thoroughly designed, modern, maintainable Python </li><li>Conscientiousness and detail orientation, with a focus on performance</li><li>Professional written and spoken English </li><li>Experience with Linux (Debian or Ubuntu preferred) </li><li>Excellent interpersonal skills, curiosity, flexibility, and accountability </li><li>Passion, thoughtfulness, and self-motivation </li><li>Excellent communication and presentation skills </li><li>Result-oriented, with a personal drive to meet commitments </li><li>Ability to travel twice a year, for company events up to two weeks each<br><br></li></ul><strong>Additional Skills That You Might Also Bring<br><br></strong><ul><li>Experience with container technologies such as LXD, Docker and Kubernetes </li><li>Understanding of build systems and toolchains, including for cross-compilation </li><li>Additional languages, particularly Golang or Rust, C or C++</li><li>Deep quality and test engineering</li><li>Web or Flutter front-end experience</li><li>REST and gRPC API experience</li><li>SQL and NoSQL data store expertise</li><li>Experience with public clouds or OpenStack </li><li>Experience with Debian/Ubuntu packaging </li><li>Experience with systems programming or scalable web services</li><li>Performance engineering and security experience<br><br></li></ul>What we offer you<br><br>We consider geographical location, experience, and performance in shaping compensation worldwide. We revisit compensation annually (and more often for graduates and associates) to ensure we recognise outstanding performance. In addition to base pay, we offer a performance-driven annual bonus. We provide all team members with additional benefits, which reflect our values and ideals. We balance our programs to meet local needs and ensure fairness globally.<br><br><ul><li>Distributed work environment with twice-yearly team sprints in person</li><li>Personal learning and development budget of USD 2,000 per year</li><li>Annual compensation review</li><li>Recognition rewards</li><li>Annual holiday leave</li><li>Maternity and paternity leave</li><li>Employee Assistance Programme</li><li>Opportunity to travel to new locations to meet colleagues</li><li>Priority Pass, and travel upgrades for long haul company events<br><br></li></ul><strong>About Canonical<br><br></strong>Canonical is a pioneering tech firm at the forefront of the global move to open source. As the company that publishes Ubuntu, one of the most important open source projects and the platform for AI, IoT and the cloud, we are changing the world on a daily basis. We recruit on a global basis and set a very high standard for people joining the company. We expect excellence - in order to succeed, we need to be the best at what we do. Canonical has been a remote-first company since its inception in 2004. Working here is a step into the future, and will challenge you to think differently, work smarter, learn new skills, and raise your game.<br><br>Canonical is an equal opportunity employer<br><br>We are proud to foster a workplace free from discrimination. Diversity of experience, perspectives, and background create a better work environment and better products. Whatever your identity, we will give your application fair consideration.<br><br>
      </div>

        

    
    
    

    <button class=""show-more-less-html__button show-more-less-button
        show-more-less-html__button--more
        !ml-0.5"" data-tracking-control-name=""public_jobs_show-more-html-btn"" aria-label=""Show more, visually expands previously read content above"" aria-expanded=""false"">
        Show more

        <icon class=""show-more-less-html__button-icon show-more-less-button-icon"" data-delayed-url=""https://static.licdn.com/aero-v1/sc/h/cyolgscd0imw2ldqppkrb84vo""></icon>
    </button>
  

        

    
    
    

    <button class=""show-more-less-html__button show-more-less-button
        show-more-less-html__button--less
        !ml-0.5"" data-tracking-control-name=""public_jobs_show-less-html-btn"" aria-label=""Show less"" aria-expanded=""true"">
        Show less

        <icon class=""show-more-less-html__button-icon show-more-less-button-icon"" data-delayed-url=""https://static.licdn.com/aero-v1/sc/h/4chtt12k98xwnba1nimld2oyg""></icon>
    </button>
  
    </section>"
